shop_name,slug,author,platform,rating,review_type,date,text
"Riot Tattoo Co.","riot-tattoo","Derrick M.","google",5,"Positive","2026-08-18","Got tattooed by Darin at Riot Gallery inside Pikes Peak Harley. Unbelievable precision. He was super attentive to the placement and the shop is spotless. Best tattoo experience in the Springs hands down."
"Riot Tattoo Co.","riot-tattoo","u/SpringsMuralLover","reddit",5,"Positive","2026-08-20","Paes 164 is an absolute legend in Colorado Springs. When he established Riot Gallery inside Harley with Darin, it created the ultimate dream team. Got a freehand neo-traditional sleeve from Paes and the color saturation and flow are unmatched."
"Riot Tattoo Co.","riot-tattoo","u/SpringsInkEnthusiast","reddit",5,"Positive","2026-07-30","If you want custom dark realism or comic ink without the downtown shop circus, go see Darin at Riot Gallery. The shop inside Harley is super chill and the work is world-class."
"Riot Tattoo Co.","riot-tattoo","Elena Rostova","yelp",5,"Positive","2026-07-22","I came in for a delicate fine-line floral piece. The artist was patient, helped me tweak the stencil three times until it sat naturally, and the hygiene standards are top notch. Worth every dollar."
"Riot Tattoo Co.","riot-tattoo","Travis Sterling","facebook",5,"Positive","2026-07-08","10/10 studio. Clean, professional, and zero gatekeeping or elitism. The team made me feel completely comfortable throughout a multi-hour session."
"Riot Tattoo Co.","riot-tattoo","Samantha L.","google",5,"Positive","2026-05-30","Clean setup, awesome music, and very gentle hands. My botanical sternum piece healed like a dream. Highly recommend booking well in advance!"
"Riot Tattoo Co.","riot-tattoo","Derek Kowalski","yelp",3,"Critical","2026-05-19","The tattoo artistry is incredible—definitely 5 stars on the finished ink. However, booking is difficult and they run behind schedule. I waited almost 40 minutes past my appointment time before we got seated in the chair."
"Riot Tattoo Co.","riot-tattoo","u/MountainCollector","reddit",3,"Critical","2026-04-25","Darin and the team are master tattooers, but keep in mind this is an appointment-only custom setup tucked inside the motorcycle dealership. Don't expect to just walk in off the street."
"Riot Tattoo Co.","riot-tattoo","Brittany M.","google",2,"Critical","2026-04-11","Communication through email prior to the appointment was spotty. The artist seemed rushed during the initial consultation, though the final tattoo turned out okay. Expect great ink, but be prepared for slow customer service."
"Riot Tattoo Co.","riot-tattoo","Corey Anderson","yelp",3,"Critical","2026-03-02","Phenomenal line work, but the deposit policy is aggressive. I got sick 48 hours before my session and lost my full $100 deposit with zero flexibility to reschedule."
"Pens & Needles Tattoo Studio","pens-and-needles","Sarah Jenkins","google",5,"Positive","2026-08-01","Absolutely amazing experience. Got a custom piece from Joe. He was extremely detailed, patient, and made sure the placement was perfect before starting. The shop on Tejon is spotless."
"Pens & Needles Tattoo Studio","pens-and-needles","u/COS_Local719","reddit",5,"Positive","2026-07-14","Justin Hulsey and Joe back in the Pens & Needles heyday did some of the best black and grey in the state. If you get into the hands of one of their seasoned resident artists, the technical work is pristine."
"Pens & Needles Tattoo Studio","pens-and-needles","u/PiercingAficionado","reddit",5,"Positive","2026-06-28","Only place in Colorado Springs I trusted for my daith and nostril piercings. They strictly use hollow needles (never guns!), explain sanitation step-by-step, and have a beautiful jewelry selection."
"Pens & Needles Tattoo Studio","pens-and-needles","Amanda R.","google",4,"Positive","2026-07-15","Very clean and professional shop. I got my first tattoo here and they walked me through all the aftercare steps. A bit on the pricey side, but superior hygiene."
"Pens & Needles Tattoo Studio","pens-and-needles","u/DowntownResident","reddit",2,"Critical","2026-05-22","Heads up for anyone looking at Pens & Needles: they transitioned into Certified Tattoo Studios and the vibe went very corporate. Quoted me almost double what other reputable shops in town charge for the exact same custom flash."
"Pens & Needles Tattoo Studio","pens-and-needles","David Miller","yelp",3,"Critical","2026-05-20","The tattoo artists are undeniably talented, but the scheduling system is a mess. I had an appointment booked weeks in advance, but still had to wait 45 minutes past my start time."
"Pens & Needles Tattoo Studio","pens-and-needles","Chris T.","google",2,"Critical","2026-04-12","Disappointed with the communication. Emailed reference images twice and was told everything was set, but when I showed up, the artist had prepared a completely different concept."
"Pens & Needles Tattoo Studio","pens-and-needles","u/TattooRegretRecovery","reddit",2,"Critical","2026-03-18","Put down a hefty deposit online after seeing their social media, only to show up and find out my assigned artist was a visiting guest rather than the resident I requested. Make sure you get written confirmation."
"Self Inflicted / Westside Tattoo","self-inflicted","u/FrontRangeInked","reddit",5,"Positive","2026-08-12","Westside Tattoo is my absolute go-to in the Springs. Honestly pretty much anyone in that shop does killer work, but Aaron Moore is a wizard with cover-ups. Saved my shoulder from a terrible 20-year-old tribal piece."
"Self Inflicted / Westside Tattoo","self-inflicted","u/BotanicalInkGirl","reddit",5,"Positive","2026-07-25","Went to Vicki at Westside for small, dainty botanical script on my forearm. She was so gentle, the lines healed razor thin without blowing out, and the price was super fair compared to downtown studios."
"Self Inflicted / Westside Tattoo","self-inflicted","John Doe","google",5,"Positive","2026-08-10","Got traditional flash on West Colorado Ave. Clean lines, solid color packing, and done incredibly fast. Highly recommend this shop for American Traditional work!"
"Self Inflicted / Westside Tattoo","self-inflicted","Robert K.","facebook",5,"Positive","2026-07-02","Awesome shop vibe, super friendly staff. Felt comfortable the entire time. Pricing is very fair compared to downtown shops."
"Self Inflicted / Westside Tattoo","self-inflicted","u/OldColoradoCityGuy","reddit",4,"Positive","2026-06-18","Melek Tastekin and Drake are both extremely talented. The shop has an authentic street shop feel. No corporate fluff, just real tattooers doing solid work on the West side."
"Self Inflicted / Westside Tattoo","self-inflicted","Jessica B.","yelp",3,"Critical","2026-06-10","The tattoo turned out okay, but the artist was super quiet and didn't really explain what he was doing. It felt a bit like an assembly line. Decent price, though."
"Self Inflicted / Westside Tattoo","self-inflicted","u/ColoradoNative99","reddit",3,"Critical","2026-05-04","Aaron is incredible if you can get into his books, but expect a 3–4 month wait minimum. They also aren't the type to hold your hand through the design process—know what you want before you walk in."
"Self Inflicted / Westside Tattoo","self-inflicted","Kyle S.","google",2,"Critical","2026-03-29","Lines were slightly uneven on the lettering. Had to go back for a touch-up. They fixed it without charge, but I expected cleaner execution on the first pass."
"Fallen Heroes Tattoo & Piercing","fallen-heroes","u/AnimeInkAddict","reddit",5,"Positive","2026-08-16","If you are looking for anime, gaming, or cartoon tattoos in Colorado Springs, Reece Allen at Fallen Heroes is unmatched. The line weight, bold colors, and character accuracy are next level."
"Fallen Heroes Tattoo & Piercing","fallen-heroes","u/PikesPeakTats","reddit",5,"Positive","2026-07-28","Lindsay Fernandez (@ln_fernandez) at Fallen Heroes did my entire backpiece. True professional, incredibly talented artist, and made a 7-hour session feel totally manageable."
"Fallen Heroes Tattoo & Piercing","fallen-heroes","Rachel Green","google",5,"Positive","2026-08-05","Massive, impressive facility! The artists are true professionals. My realistic wolf portrait from AJ Cullen looks like a photograph."
"Fallen Heroes Tattoo & Piercing","fallen-heroes","u/CheyenneMtnLiving","reddit",5,"Positive","2026-06-30","Shoutout to Jay at Fallen Heroes! I got tattooed on my ribs which is notoriously painful, but he has the gentlest hand of anyone who has ever inked me. 10/10."
"Fallen Heroes Tattoo & Piercing","fallen-heroes","Samuel L.","google",5,"Positive","2026-07-18","Incredible work and clean setup. Best place in town for large-scale custom pieces and cover-ups. Iso did an amazing job saving my old tattoo."
"Fallen Heroes Tattoo & Piercing","fallen-heroes","u/RockiesFan719","reddit",3,"Critical","2026-05-29","The tattoo quality is 5 stars, but the atmosphere on a Saturday afternoon feels like an expo floor. With 10 machines buzzing and people walking around, don't expect a quiet, relaxing session."
"Fallen Heroes Tattoo & Piercing","fallen-heroes","Chad W.","yelp",3,"Critical","2026-05-14","Great work but very loud atmosphere. With so many stations running simultaneously it feels chaotic on busy weekend afternoons."
"Fallen Heroes Tattoo & Piercing","fallen-heroes","Marcus T.","google",2,"Critical","2026-02-09","Quotes vary wildly depending on which artist you speak with. Make sure you get an exact written hourly quote before sitting down in the chair."
"Rose of the West Tattoo Club","rose-of-the-west","Rachel K.","google",5,"Positive","2026-08-14","Rose of the West is the friendliest tattoo shop I've ever stepped foot in. Lauren did a traditional dagger on my calf and the lines are bold, clean, and perfectly solid. Zero pretension."
"Rose of the West Tattoo Club","rose-of-the-west","u/HeritageInker","reddit",5,"Positive","2026-07-19","If you want traditional tattoos in Colorado Springs, Rose of the West is the undisputed gold standard. Lauren and Benton do super solid classic work that will hold up for 40 years."
"Rose of the West Tattoo Club","rose-of-the-west","Hannah G.","yelp",5,"Positive","2026-06-25","I was nervous as a first-timer, but the vibe here is completely relaxed. Pristine cleanliness, awesome retro aesthetic, and my panther head piece healed effortlessly."
"Rose of the West Tattoo Club","rose-of-the-west","Dave S.","google",4,"Positive","2026-05-18","Super talented crew and very fair pricing. Giving 4 stars only because they book up fast on weekends and they don't do realism, but for American traditional, they're the best in town."
"Rose of the West Tattoo Club","rose-of-the-west","Mitch B.","yelp",3,"Critical","2026-04-10","Great artwork, but communication over Instagram DM took almost a week before I got an appointment slot. Best to call the shop directly."
"Timeless Body Art","timeless-body-art","Marcus B.","google",5,"Positive","2026-08-08","Ryan at Timeless is a true master. He did a portrait of my grandfather and captured every single detail with photographic accuracy. Couldn't be happier."
"Timeless Body Art","timeless-body-art","u/CO_InkLover","reddit",5,"Positive","2026-07-15","Sean and Ryan have won multiple awards at Colorado tattoo festivals for a reason. Their shading depth and fine-line consistency are top notch."
"Timeless Body Art","timeless-body-art","Stephanie W.","facebook",5,"Positive","2026-06-22","Cleanest shop in downtown COS. They treat tattooing as high art and take all the time needed during the stencil check."
"Timeless Body Art","timeless-body-art","Chris L.","yelp",3,"Critical","2026-05-12","Incredible talent on the finished piece, but downtown metered parking was a headache during a 5-hour session, and rates are definitely on the premium side."
"Timeless Body Art","timeless-body-art","Brandon R.","google",2,"Critical","2026-03-30","Artist was 30 minutes late to my appointment and consultation felt slightly rushed. The tattoo itself healed well though."
"Tattoo Demon","tattoo-demon","Kevin T.","google",5,"Positive","2026-08-11","Dave Wulff is the real deal. Authentic street shop, killer flash on the walls, and lines that look like they were drawn with a sharpie. Best traditional shop in the Springs."
"Tattoo Demon","tattoo-demon","u/TejonStreetOldhead","reddit",5,"Positive","2026-07-20","Tattoo Demon is one of the few real tattoo shops left that isn't trying to be a corporate boutique. Fair prices, solid ink, and zero attitude."
"Tattoo Demon","tattoo-demon","Dustin M.","facebook",5,"Positive","2026-06-14","Walked in on a Thursday and walked out 2 hours later with an incredible traditional panther. Clean, fast, and very reasonably priced."
"Tattoo Demon","tattoo-demon","Andrea K.","yelp",3,"Critical","2026-05-09","Good work, but the shop can get loud and it's definitely an open-floor classic tattoo vibe without private booths."
"Tattoo Demon","tattoo-demon","Tyler S.","google",2,"Critical","2026-03-24","Artist was a bit gruff and didn't offer much guidance on placement. The tattoo is solid, but don't expect a chatty bedside manner."
